圖片名稱,評價,價格,圖片url
紅茶 1.jpg,4.8,13.92,https://m.media-amazon.com/images/I/81eNGtdweZL._AC_UL960_QL65_.jpg
紅茶 2.jpg,4.8,9.26,https://m.media-amazon.com/images/I/91ijtoPXZZL._AC_UL960_QL65_.jpg
紅茶 3.jpg,4.6,13.92,https://m.media-amazon.com/images/I/81N0BkEvv0L._AC_UL960_QL65_.jpg
紅茶 4.jpg,4.8,27.00,https://m.media-amazon.com/images/I/51Y0NI6U+RL._AC_UL960_QL65_.jpg
紅茶 5.jpg,4.8,13.92,https://m.media-amazon.com/images/I/81eNGtdweZL._AC_UL960_QL65_.jpg
紅茶 6.jpg,4.8,20.88,https://m.media-amazon.com/images/I/71U9Fqsy3FL._AC_UL960_QL65_.jpg
紅茶 7.jpg,4.7,14.99,https://m.media-amazon.com/images/I/71NP-A3nSHL._AC_UL960_QL65_.jpg
紅茶 8.jpg,4.8,25.16,https://m.media-amazon.com/images/I/81eNGtdweZL._AC_UL960_QL65_.jpg
紅茶 9.jpg,4.9,23.40,https://m.media-amazon.com/images/I/8187SPdp+IL._AC_UL960_QL65_.jpg
紅茶 10.jpg,4.6,11.18,https://m.media-amazon.com/images/I/71F4mVwhaOL._AC_UL960_QL65_.jpg
紅茶 11.jpg,4.7,11.00,https://m.media-amazon.com/images/I/71b1beJrCjL._AC_UL960_QL65_.jpg
紅茶 12.jpg,4.7,2.98,https://m.media-amazon.com/images/I/61fiyCyolQL._AC_UL960_QL65_.jpg
紅茶 13.jpg,4.7,16.36,https://m.media-amazon.com/images/I/61PKL8sN8pL._AC_UL960_QL65_.jpg
紅茶 14.jpg,4.8,12.99,https://m.media-amazon.com/images/I/81Si-BcUjqS._AC_UL960_QL65_.jpg
紅茶 15.jpg,4.8,18.80,https://m.media-amazon.com/images/I/51XcYsV4RYL._AC_UL960_QL65_.jpg
紅茶 16.jpg,4.5,16.36,https://m.media-amazon.com/images/I/81mQprLIITL._AC_UL960_QL65_.jpg
紅茶 17.jpg,4.6,9.75,https://m.media-amazon.com/images/I/71Vs8z4qLkL._AC_UL960_QL65_.jpg
紅茶 18.jpg,4.6,4.98,https://m.media-amazon.com/images/I/91dxxUGGflL._AC_UL960_QL65_.jpg
紅茶 19.jpg,4.8,17.40,https://m.media-amazon.com/images/I/81fWEEdrfSL._AC_UL960_QL65_.jpg
紅茶 20.jpg,4.8,15.84,https://m.media-amazon.com/images/I/814CZpaYmRS._AC_UL960_QL65_.jpg
紅茶 21.jpg,4.8,18.80,https://m.media-amazon.com/images/I/61XqjQLr6yL._AC_UL960_QL65_.jpg
紅茶 22.jpg,4.7,35.64,https://m.media-amazon.com/images/I/61Jmq7utbDL._AC_UL960_QL65_.jpg
紅茶 23.jpg,4.8,9.39,https://m.media-amazon.com/images/I/81-33qscTeL._AC_UL960_QL65_.jpg
紅茶 24.jpg,4.7,14.95,https://m.media-amazon.com/images/I/81Gc4I+9NRL._AC_UL960_QL65_.jpg
紅茶 25.jpg,4.5,36.03,https://m.media-amazon.com/images/I/91E11iyI2OL._AC_UL960_QL65_.jpg
紅茶 26.jpg,4.7,30.99,https://m.media-amazon.com/images/I/61o1HrymuSL._AC_UL960_QL65_.jpg
紅茶 27.jpg,4.7,19.34,https://m.media-amazon.com/images/I/51Qcgn4l8fL._AC_UL960_QL65_.jpg
紅茶 28.jpg,4.8,18.99,https://m.media-amazon.com/images/I/71jzqPYaU5L._AC_UL960_QL65_.jpg
紅茶 29.jpg,4.7,39.99,https://m.media-amazon.com/images/I/81Gc4I+9NRL._AC_UL960_QL65_.jpg
紅茶 30.jpg,4.8,20.61,https://m.media-amazon.com/images/I/61u1AGvS-rL._AC_UL960_QL65_.jpg
紅茶 31.jpg,4.6,42.90,https://m.media-amazon.com/images/I/71YhWY8-akL._AC_UL960_QL65_.jpg
紅茶 32.jpg,4.8,11.98,https://m.media-amazon.com/images/I/61C5tMrCV6L._AC_UL960_QL65_.jpg
紅茶 33.jpg,4.6,19.54,https://m.media-amazon.com/images/I/91wjHEwbeIL._AC_UL960_QL65_.jpg
紅茶 34.jpg,4.7,21.99,https://m.media-amazon.com/images/I/71izf6iqUyL._AC_UL960_QL65_.jpg
紅茶 35.jpg,4.9,13.00,https://m.media-amazon.com/images/I/61RWZOem6ML._AC_UL960_QL65_.jpg
紅茶 36.jpg,4.7,13.00,https://m.media-amazon.com/images/I/91hd7BaUKAL._AC_UL960_QL65_.jpg
紅茶 37.jpg,4.5,10.79,https://m.media-amazon.com/images/I/71EZkZeouQL._AC_UL960_QL65_.jpg
紅茶 38.jpg,4.9,40.02,https://m.media-amazon.com/images/I/61RWZOem6ML._AC_UL960_QL65_.jpg
紅茶 39.jpg,4.7,15.08,https://m.media-amazon.com/images/I/61AJMoGFQDL._AC_UL960_QL65_.jpg
紅茶 40.jpg,4.7,14.26,https://m.media-amazon.com/images/I/61PHzWMbiGL._AC_UL960_QL65_.jpg
紅茶 41.jpg,4.8,18.00,https://m.media-amazon.com/images/I/61ibCIyixQL._AC_UL960_QL65_.jpg
紅茶 42.jpg,4.8,29.00,https://m.media-amazon.com/images/I/81w4VCvQQZL._AC_UL960_QL65_.jpg
紅茶 43.jpg,4.8,24.16,https://m.media-amazon.com/images/I/61eeZx5N5FL._AC_UL960_QL65_.jpg
紅茶 44.jpg,4.8,21.30,https://m.media-amazon.com/images/I/81WL86iM4pS._AC_UL960_QL65_.jpg
紅茶 45.jpg,4.6,27.95,https://m.media-amazon.com/images/I/61w6SoADwtL._AC_UL960_QL65_.jpg
紅茶 46.jpg,4.8,13.80,https://m.media-amazon.com/images/I/61k-sY+PseL._AC_UL960_QL65_.jpg
紅茶 47.jpg,4.7,9.75,https://m.media-amazon.com/images/I/61KTFtH0azL._AC_UL960_QL65_.jpg
紅茶 48.jpg,4.8,19.72,https://m.media-amazon.com/images/I/814dN8KytcL._AC_UL960_QL65_.jpg
紅茶 49.jpg,4.8,17.63,https://m.media-amazon.com/images/I/91Dama3Hi8L._AC_UL960_QL65_.jpg
紅茶 50.jpg,4.5,8.95,https://m.media-amazon.com/images/I/51PDpkF4DeL._AC_UL960_QL65_.jpg
紅茶 51.jpg,4.7,18.70,https://m.media-amazon.com/images/I/81eeKQ5bQHL._AC_UL960_QL65_.jpg
紅茶 52.jpg,4.5,12.39,https://m.media-amazon.com/images/I/71kfgrs4MCL._AC_UL960_QL65_.jpg
紅茶 53.jpg,4.7,47.50,https://m.media-amazon.com/images/I/917bUunpnvL._AC_UL960_QL65_.jpg
紅茶 54.jpg,4.4,29.99,https://m.media-amazon.com/images/I/811tBV--1wL._AC_UL960_QL65_.jpg
紅茶 55.jpg,4.6,7.90,https://m.media-amazon.com/images/I/81obrd4fOGL._AC_UL960_QL65_.jpg
紅茶 56.jpg,4.6,30.48,https://m.media-amazon.com/images/I/81esSONyKwL._AC_UL960_QL65_.jpg
紅茶 57.jpg,4.9,5.50,https://m.media-amazon.com/images/I/71DZO5QC1nL._AC_UL960_QL65_.jpg
紅茶 58.jpg,4.7,6.79,https://m.media-amazon.com/images/I/81KnqkDffCL._AC_UL960_QL65_.jpg
紅茶 59.jpg,4.8,16.02,https://m.media-amazon.com/images/I/41TiG30lTWL._AC_UL960_QL65_.jpg
紅茶 60.jpg,4.8,26.99,https://m.media-amazon.com/images/I/51MBSlUm1HL._AC_UL960_QL65_.jpg
紅茶 61.jpg,4.6,33.75,https://m.media-amazon.com/images/I/71zw68aTMGS._AC_UL960_QL65_.jpg
紅茶 62.jpg,4.7,5.86,https://m.media-amazon.com/images/I/71yynnnIgeL._AC_UL960_QL65_.jpg
紅茶 63.jpg,4.8,27.50,https://m.media-amazon.com/images/I/81krkb6ZhkL._AC_UL960_QL65_.jpg
紅茶 64.jpg,4.5,24.96,https://m.media-amazon.com/images/I/71+sVK+6TcL._AC_UL960_QL65_.jpg
紅茶 65.jpg,4.9,13.98,https://m.media-amazon.com/images/I/51jHpD5gdUL._AC_UL960_QL65_.jpg
紅茶 66.jpg,4.8,9.99,https://m.media-amazon.com/images/I/819DjXD6WDL._AC_UL960_QL65_.jpg
紅茶 67.jpg,4.7,10.00,https://m.media-amazon.com/images/I/6133Ret3bZL._AC_UL960_QL65_.jpg
紅茶 68.jpg,4.7,21.99,https://m.media-amazon.com/images/I/81uT3i0uQWL._AC_UL960_QL65_.jpg
紅茶 69.jpg,4.8,15.63,https://m.media-amazon.com/images/I/51sQ+SNKxcL._AC_UL960_QL65_.jpg
紅茶 70.jpg,4.7,23.51,https://m.media-amazon.com/images/I/71fPXu+CvsL._AC_UL960_QL65_.jpg
紅茶 71.jpg,4.8,7.47,https://m.media-amazon.com/images/I/81wBsbEMOwL._AC_UL960_QL65_.jpg
紅茶 72.jpg,4.6,14.99,https://m.media-amazon.com/images/I/61vT0mdjeXL._AC_UL960_QL65_.jpg
紅茶 73.jpg,4.6,48.24,https://m.media-amazon.com/images/I/71HWvuLQUmS._AC_UL960_QL65_.jpg
紅茶 74.jpg,4.7,15.00,https://m.media-amazon.com/images/I/91gpxfQAF4L._AC_UL960_QL65_.jpg
紅茶 75.jpg,4.6,18.00,https://m.media-amazon.com/images/I/71t5HTgYiwL._AC_UL960_QL65_.jpg
紅茶 76.jpg,4.8,22.95,https://m.media-amazon.com/images/I/81LGVTvqSdL._AC_UL960_QL65_.jpg
紅茶 77.jpg,4.7,15.30,https://m.media-amazon.com/images/I/91YdgggpCSL._AC_UL960_QL65_.jpg
紅茶 78.jpg,4.6,50.05,https://m.media-amazon.com/images/I/818l2uQ2glL._AC_UL960_QL65_.jpg
紅茶 79.jpg,4.7,18.00,https://m.media-amazon.com/images/I/81vfpZBrkzL._AC_UL960_QL65_.jpg
紅茶 80.jpg,5.0,39.95,https://m.media-amazon.com/images/I/71cjCmGtNlL._AC_UL960_QL65_.jpg
紅茶 81.jpg,5.0,15.00,https://m.media-amazon.com/images/I/41qmiJ91ocL._AC_UL960_QL65_.jpg
紅茶 82.jpg,4.6,10.95,https://m.media-amazon.com/images/I/61crZKhZ72L._AC_UL960_QL65_.jpg
紅茶 83.jpg,4.5,9.90,https://m.media-amazon.com/images/I/81HUZDzj-GL._AC_UL960_QL65_.jpg
紅茶 84.jpg,4.6,22.95,https://m.media-amazon.com/images/I/61aUPi5JOlL._AC_UL960_QL65_.jpg
紅茶 85.jpg,4.4,7.49,https://m.media-amazon.com/images/I/71MfosJXAFL._AC_UL960_QL65_.jpg
紅茶 86.jpg,4.5,8.82,https://m.media-amazon.com/images/I/81xIh8IPxiL._AC_UL960_QL65_.jpg
紅茶 87.jpg,4.3,21.99,https://m.media-amazon.com/images/I/A1ih0zYp5cL._AC_UL960_QL65_.jpg
紅茶 88.jpg,4.4,14.51,https://m.media-amazon.com/images/I/91hAqP+sTWL._AC_UL960_QL65_.jpg
紅茶 89.jpg,4.7,14.99,https://m.media-amazon.com/images/I/61krDmNzR2L._AC_UL960_QL65_.jpg
紅茶 90.jpg,4.0,30.00,https://m.media-amazon.com/images/I/81U1eOBI1QL._AC_UL960_QL65_.jpg
紅茶 91.jpg,4.6,24.65,https://m.media-amazon.com/images/I/619kTPHcrQL._AC_UL960_QL65_.jpg
紅茶 92.jpg,4.5,31.74,https://m.media-amazon.com/images/I/6178CUrc7aL._AC_UL960_QL65_.jpg
紅茶 93.jpg,4.8,27.00,https://m.media-amazon.com/images/I/71fmBHybZRL._AC_UL960_QL65_.jpg
紅茶 94.jpg,4.7,35.99,https://m.media-amazon.com/images/I/714dGdiSuCL._AC_UL960_QL65_.jpg
紅茶 95.jpg,4.7,49.00,https://m.media-amazon.com/images/I/51k6OEcajyL._AC_UL960_QL65_.jpg
紅茶 96.jpg,4.6,13.29,https://m.media-amazon.com/images/I/61qn+N1vEjL._AC_UL960_QL65_.jpg
紅茶 97.jpg,4.5,19.95,https://m.media-amazon.com/images/I/91kWkUIrMUL._AC_UL960_QL65_.jpg
紅茶 98.jpg,4.7,39.10,https://m.media-amazon.com/images/I/71izf6iqUyL._AC_UL960_QL65_.jpg
紅茶 99.jpg,4.6,53.66,https://m.media-amazon.com/images/I/61wK3RvkpzL._AC_UL960_QL65_.jpg
紅茶 100.jpg,5.0,27.00,https://m.media-amazon.com/images/I/61md5v6UPNL._AC_UL960_QL65_.jpg
紅茶 101.jpg,4.6,36.13,https://m.media-amazon.com/images/I/91EJliBtq+L._AC_UL960_QL65_.jpg
紅茶 102.jpg,5.0,39.95,https://m.media-amazon.com/images/I/71Fs1nHXusL._AC_UL960_QL65_.jpg
紅茶 103.jpg,5.0,39.95,https://m.media-amazon.com/images/I/71waJkhtwGL._AC_UL960_QL65_.jpg
紅茶 104.jpg,4.7,39.95,https://m.media-amazon.com/images/I/71UsWvHGf-L._AC_UL960_QL65_.jpg
紅茶 105.jpg,4.4,39.95,https://m.media-amazon.com/images/I/81ywKM3W6fL._AC_UL960_QL65_.jpg
紅茶 106.jpg,4.7,83.99,https://m.media-amazon.com/images/I/91AI6cGx2TL._AC_UL960_QL65_.jpg
紅茶 107.jpg,4.5,14.99,https://m.media-amazon.com/images/I/510hEYLbY7L._AC_UL960_QL65_.jpg
紅茶 108.jpg,4.7,38.00,https://m.media-amazon.com/images/I/71Jcq4-egoL._AC_UL960_QL65_.jpg
紅茶 109.jpg,4.8,20.06,https://m.media-amazon.com/images/I/9137YDrMCTL._AC_UL960_QL65_.jpg
紅茶 110.jpg,4.0,76.13,https://m.media-amazon.com/images/I/81nMAJBjX-L._AC_UL960_QL65_.jpg
紅茶 111.jpg,4.3,7.99,https://m.media-amazon.com/images/I/81Aj8u1Ht8L._AC_UL960_QL65_.jpg
紅茶 112.jpg,4.5,7.97,https://m.media-amazon.com/images/I/81xennoXkGL._AC_UL960_QL65_.jpg
紅茶 113.jpg,4.7,20.46,https://m.media-amazon.com/images/I/81FLQBubukL._AC_UL960_QL65_.jpg
紅茶 114.jpg,4.6,20.85,https://m.media-amazon.com/images/I/61FzWdCLRAL._AC_UL960_QL65_.jpg
紅茶 115.jpg,4.8,24.99,https://m.media-amazon.com/images/I/81Sxt53DMJL._AC_UL960_QL65_.jpg
紅茶 116.jpg,4.6,18.10,https://m.media-amazon.com/images/I/61PyO-vqW3L._AC_UL960_QL65_.jpg
紅茶 117.jpg,4.4,37.57,https://m.media-amazon.com/images/I/71clVHDc+2L._AC_UL960_QL65_.jpg
紅茶 118.jpg,4.5,8.55,https://m.media-amazon.com/images/I/61CQLY6T3wL._AC_UL960_QL65_.jpg
紅茶 119.jpg,4.3,15.00,https://m.media-amazon.com/images/I/91ly2WVaOgL._AC_UL960_QL65_.jpg
紅茶 120.jpg,4.7,8.55,https://m.media-amazon.com/images/I/51zev00ZLSL._AC_UL960_QL65_.jpg
紅茶 121.jpg,4.8,24.99,https://m.media-amazon.com/images/I/71wZEstuVDS._AC_UL960_QL65_.jpg
紅茶 122.jpg,4.1,19.98,https://m.media-amazon.com/images/I/81T4IfC0DFL._AC_UL960_QL65_.jpg
紅茶 123.jpg,4.4,19.55,https://m.media-amazon.com/images/I/81+15aOehoL._AC_UL960_QL65_.jpg
紅茶 124.jpg,4.5,5.08,https://m.media-amazon.com/images/I/61-ij7EpZUL._AC_UL960_QL65_.jpg
紅茶 125.jpg,4.8,39.99,https://m.media-amazon.com/images/I/61OdiFsfRSL._AC_UL960_QL65_.jpg
紅茶 126.jpg,4.7,69.00,https://m.media-amazon.com/images/I/61DUEzBUiAL._AC_UL960_QL65_.jpg
紅茶 127.jpg,4.6,12.49,https://m.media-amazon.com/images/I/61FKfp5iyhL._AC_UL960_QL65_.jpg
紅茶 128.jpg,4.6,6.35,https://m.media-amazon.com/images/I/617yMrWHecL._AC_UL960_QL65_.jpg
紅茶 129.jpg,4.6,39.95,https://m.media-amazon.com/images/I/71N90PzZ9cL._AC_UL960_QL65_.jpg
紅茶 130.jpg,4.8,70.98,https://m.media-amazon.com/images/I/71Iupk583jL._AC_UL960_QL65_.jpg
紅茶 131.jpg,4.5,6.98,https://m.media-amazon.com/images/I/81wteRN74ZL._AC_UL960_QL65_.jpg
紅茶 132.jpg,4.6,7.35,https://m.media-amazon.com/images/I/81wqrRUS-SL._AC_UL960_QL65_.jpg
紅茶 133.jpg,4.6,80.00,https://m.media-amazon.com/images/I/81tFsPj9rkL._AC_UL960_QL65_.jpg
紅茶 134.jpg,4.5,18.70,https://m.media-amazon.com/images/I/61YuhuReYAL._AC_UL960_QL65_.jpg
紅茶 135.jpg,5.0,10.95,https://m.media-amazon.com/images/I/51JkK-MCQOL._AC_UL960_QL65_.jpg
紅茶 136.jpg,4.1,4.61,https://m.media-amazon.com/images/I/71MeEiNPwdL._AC_UL960_QL65_.jpg
紅茶 137.jpg,4.6,20.61,https://m.media-amazon.com/images/I/618ICo+AYHL._AC_UL960_QL65_.jpg
紅茶 138.jpg,4.6,6.79,https://m.media-amazon.com/images/I/61Eg4P2PzaL._AC_UL960_QL65_.jpg
紅茶 139.jpg,4.6,20.99,https://m.media-amazon.com/images/I/81MK3VImVBL._AC_UL960_QL65_.jpg
紅茶 140.jpg,4.4,39.99,https://m.media-amazon.com/images/I/A1YRvaiLC9L._AC_UL960_QL65_.jpg
紅茶 141.jpg,4.9,19.95,https://m.media-amazon.com/images/I/61a3nGExUgL._AC_UL960_QL65_.jpg
紅茶 142.jpg,4.7,32.99,https://m.media-amazon.com/images/I/51rMnobTxvL._AC_UL960_QL65_.jpg
紅茶 143.jpg,4.6,29.99,https://m.media-amazon.com/images/I/51la5jtgDRL._AC_UL960_QL65_.jpg
紅茶 144.jpg,4.4,5.02,https://m.media-amazon.com/images/I/613Se7VPK0L._AC_UL960_QL65_.jpg
紅茶 145.jpg,4.8,30.45,https://m.media-amazon.com/images/I/91Av4+Ki4BL._AC_UL960_QL65_.jpg
紅茶 146.jpg,4.7,6.99,https://m.media-amazon.com/images/I/51sQ+SNKxcL._AC_UL960_QL65_.jpg
紅茶 147.jpg,4.5,16.41,https://m.media-amazon.com/images/I/61xKBwEjegL._AC_UL960_QL65_.jpg
紅茶 148.jpg,4.8,18.65,https://m.media-amazon.com/images/I/51aP-88eyoL._AC_UL960_QL65_.jpg
紅茶 149.jpg,4.4,34.00,https://m.media-amazon.com/images/I/81m7xD-5ENL._AC_UL960_QL65_.jpg
紅茶 150.jpg,4.5,27.99,https://m.media-amazon.com/images/I/51it032MRpL._AC_UL960_QL65_.jpg
紅茶 151.jpg,5.0,12.25,https://m.media-amazon.com/images/I/41IOx6---CL._AC_UL736_QL65_.jpg
紅茶 152.jpg,4.6,29.95,https://m.media-amazon.com/images/I/81My8NYXR6L._AC_UL960_QL65_.jpg
紅茶 153.jpg,4.7,17.42,https://m.media-amazon.com/images/I/817fRR7uplL._AC_UL960_QL65_.jpg
紅茶 154.jpg,4.7,15.38,https://m.media-amazon.com/images/I/41GYNzah79L._AC_UL960_QL65_.jpg
紅茶 155.jpg,4.6,9.99,https://m.media-amazon.com/images/I/7133L+YBMsL._AC_UL960_QL65_.jpg
